"Longitude (x)","Latitude (y)","Station Name","Climate ID","Date/Time","Year","Month","Day","Data Quality","Max Temp (°C)","Max Temp Flag","Min Temp (°C)","Min Temp Flag","Mean Temp (°C)","Mean Temp Flag","Heat Deg Days (°C)","Heat Deg Days Flag","Cool Deg Days (°C)","Cool Deg Days Flag","Total Rain (mm)","Total Rain Flag","Total Snow (cm)","Total Snow Flag","Total Precip (mm)","Total Precip Flag","Snow on Grnd (cm)","Snow on Grnd Flag","Dir of Max Gust (10s deg)","Dir of Max Gust Flag","Spd of Max Gust (km/h)","Spd of Max Gust Flag"
"-79.88","43.64","GEORGETOWN WWTP","6152695","2006-01-01","2006","01","01","","3.0","","-7.0","","-2.0","","20.0","","0.0","","0.0","","0.0","","0.0","","3","","","","",""
"-79.88","43.64","GEORGETOWN WWTP","6152695","2006-01-02","2006","01","02","","2.5","","-3.5","","-0.5","","18.5","","0.0","","2.0","","0.0","","2.0","","2","","","","",""
"-79.88","43.64","GEORGETOWN WWTP","6152695","2006-01-03","2006","01","03","","2.0","","1.0","","1.5","","16.5","","0.0","","0.0","T","0.0","","0.0","T","0","","","","",""
"-79.88","43.64","GEORGETOWN WWTP","6152695","2006-01-04","2006","01","04","","4.0","","1.0","","2.5","","15.5","","0.0","","6.4","","0.0","","6.4","","0","","","","",""
"-79.88","43.64","GEORGETOWN WWTP","6152695","2006-01-05","2006","01","05","","2.5","","1.0","","1.8","","16.2","","0.0","","0.0","","0.0","","0.0","","0","","","","",""
"-79.88","43.64","GEORGETOWN WWTP","6152695","2006-01-06","2006","01","06","","-3.5","","-9.0","","-6.3","","24.3","","0.0","","0.0","","0.0","T","0.0","T","0","","","","",""
"-79.88","43.64","GEORGETOWN WWTP","6152695","2006-01-07","2006","01","07","","0.0","","-9.0","","-4.5","","22.5","","0.0","","0.0","","3.0","E","3.0","E","0","","","","",""
"-79.88","43.64","GEORGETOWN WWTP","6152695","2006-01-08","2006","01","08","","3.0","","-5.0","","-1.0","","19.0","","0.0","","0.0","","0.0","T","0.0","T","0","","","","",""
"-79.88","43.64","GEORGETOWN WWTP","6152695","2006-01-09","2006","01","09","","2.5","","-1.0","","0.8","","17.2","","0.0","","0.0","","0.0","T","0.0","T","0","","","","",""
"-79.88","43.64","GEORGETOWN WWTP","6152695","2006-01-10","2006","01","10","","3.5","","0.0","","1.8","","16.2","","0.0","","0.0","C","0.0","","0.0","C","0","","","","",""
"-79.88","43.64","GEORGETOWN WWTP","6152695","2006-01-11","2006","01","11","","8.5","","-3.5","","2.5","","15.5","","0.0","","1.4","A","0.0","","1.4","A","","M","","","",""
"-79.88","43.64","GEORGETOWN WWTP","6152695","2006-01-12","2006","01","12","","10.0","","3.0","","6.5","","11.5","","0.0","","0.0","","0.0","","0.0","","0","","","","",""
"-79.88","43.64","GEORGETOWN WWTP","6152695","2006-01-13","2006","01","13","","12.0","","2.5","E","7.3","E","10.7","E","0.0","E","1.0","E","0.0","T","1.0","E","","M","","","",""
"-79.88","43.64","GEORGETOWN WWTP","6152695","2006-01-14","2006","01","14","","-0.5","","-1.5","","-1.0","","19.0","","0.0","","0.0","","0.0","T","0.0","T","0","","","","",""
"-79.88","43.64","GEORGETOWN WWTP","6152695","2006-01-15","2006","01","15","","-5.0","","-10.0","","-7.5","","25.5","","0.0","","0.0","","0.0","","0.0","","0","","","","",""
"-79.88","43.64","GEORGETOWN WWTP","6152695","2006-01-16","2006","01","16","","-1.0","","-13.5","","-7.3","","25.3","","0.0","","0.0","","0.0","","0.0","","0","","","","",""
"-79.88","43.64","GEORGETOWN WWTP","6152695","2006-01-17","2006","01","17","","5.0","","-9.0","","-2.0","","20.0","","0.0","","26.4","","0.0","","26.4","","0","","","","",""
"-79.88","43.64","GEORGETOWN WWTP","6152695","2006-01-18","2006","01","18","","1.5","","-0.5","","0.5","","17.5","","0.0","","0.0","","2.5","","2.5","","0","","","","",""
"-79.88","43.64","GEORGETOWN WWTP","6152695","2006-01-19","2006","01","19","","8.5","","-6.5","","1.0","","17.0","","0.0","","0.0","","0.0","","0.0","","2","","","","",""
"-79.88","43.64","GEORGETOWN WWTP","6152695","2006-01-20","2006","01","20","","10.0","","-1.0","","4.5","","13.5","","0.0","","14.0","E","1.0","","15.0","E","0","","","","",""
"-79.88","43.64","GEORGETOWN WWTP","6152695","2006-01-21","2006","01","21","","2.5","","0.0","","1.3","","16.7","","0.0","","0.0","","2.0","E","2.0","E","","M","","","",""
"-79.88","43.64","GEORGETOWN WWTP","6152695","2006-01-22","2006","01","22","","4.0","","-9.0","","-2.5","","20.5","","0.0","","0.0","","0.0","","0.0","","","M","","","",""
"-79.88","43.64","GEORGETOWN WWTP","6152695","2006-01-23","2006","01","23","","4.0","","-5.5","","-0.8","","18.8","","0.0","","0.0","","0.0","","0.0","","","M","","","",""
"-79.88","43.64","GEORGETOWN WWTP","6152695","2006-01-24","2006","01","24","","4.0","","-4.5","","-0.3","","18.3","","0.0","","0.0","","1.0","E","1.0","E","","M","","","",""
"-79.88","43.64","GEORGETOWN WWTP","6152695","2006-01-25","2006","01","25","","1.0","","-4.0","","-1.5","","19.5","","0.0","","0.0","","0.0","","0.0","","","M","","","",""
"-79.88","43.64","GEORGETOWN WWTP","6152695","2006-01-26","2006","01","26","","-2.0","","-11.5","","-6.8","","24.8","","0.0","","0.0","","0.0","","0.0","","","M","","","",""
"-79.88","43.64","GEORGETOWN WWTP","6152695","2006-01-27","2006","01","27","","6.5","","-11.0","","-2.3","","20.3","","0.0","","0.0","","0.0","","0.0","","","M","","","",""
"-79.88","43.64","GEORGETOWN WWTP","6152695","2006-01-28","2006","01","28","","10.0","","-3.5","","3.3","","14.7","","0.0","","5.0","","0.0","","5.0","","0","","","","",""
"-79.88","43.64","GEORGETOWN WWTP","6152695","2006-01-29","2006","01","29","","8.0","","-1.0","","3.5","","14.5","","0.0","","17.4","","0.0","","17.4","","0","","","","",""
"-79.88","43.64","GEORGETOWN WWTP","6152695","2006-01-30","2006","01","30","","8.5","","3.0","","5.8","","12.2","","0.0","","0.0","","0.0","","0.0","","0","","","","",""
"-79.88","43.64","GEORGETOWN WWTP","6152695","2006-01-31","2006","01","31","","1.0","","-1.0","","0.0","","18.0","","0.0","","0.0","","0.0","T","0.0","T","0","","","","",""
"-79.88","43.64","GEORGETOWN WWTP","6152695","2006-02-01","2006","02","01","","2.5","","-4.0","","-0.8","","18.8","","0.0","","0.0","","0.0","","0.0","","0","","","","",""
"-79.88","43.64","GEORGETOWN WWTP","6152695","2006-02-02","2006","02","02","","6.0","","-3.0","","1.5","","16.5","","0.0","","16.0","","0.0","","16.0","","0","","","","",""
"-79.88","43.64","GEORGETOWN WWTP","6152695","2006-02-03","2006","02","03","","5.0","","1.0","","3.0","","15.0","","0.0","","0.0","T","0.0","","0.0","T","0","","","","",""
"-79.88","43.64","GEORGETOWN WWTP","6152695","2006-02-04","2006","02","04","","3.0","","0.0","E","1.5","E","16.5","E","0.0","E","13.0","","1.0","","14.0","","0","","","","",""
"-79.88","43.64","GEORGETOWN WWTP","6152695","2006-02-05","2006","02","05","","1.0","","-2.0","E","-0.5","E","18.5","E","0.0","E","0.0","","2.0","","2.0","","0","","","","",""
"-79.88","43.64","GEORGETOWN WWTP","6152695","2006-02-06","2006","02","06","","-2.0","","-6.0","","-4.0","","22.0","","0.0","","0.0","","0.0","T","0.0","T","2","","","","",""
"-79.88","43.64","GEORGETOWN WWTP","6152695","2006-02-07","2006","02","07","","0.0","","-5.5","","-2.8","","20.8","","0.0","","0.0","","0.0","T","0.0","T","2","","","","",""
"-79.88","43.64","GEORGETOWN WWTP","6152695","2006-02-08","2006","02","08","","-5.0","","-10.0","","-7.5","","25.5","","0.0","","0.0","","0.0","","0.0","","2","","","","",""
"-79.88","43.64","GEORGETOWN WWTP","6152695","2006-02-09","2006","02","09","","-3.5","","-10.5","","-7.0","","25.0","","0.0","","0.0","","0.0","T","0.0","T","2","","","","",""
"-79.88","43.64","GEORGETOWN WWTP","6152695","2006-02-10","2006","02","10","","-2.5","","-10.0","","-6.3","","24.3","","0.0","","0.0","","2.0","","2.0","","2","","","","",""
"-79.88","43.64","GEORGETOWN WWTP","6152695","2006-02-11","2006","02","11","","-4.0","","-12.5","","-8.3","","26.3","","0.0","","0.0","","0.0","","0.0","","4","","","","",""
"-79.88","43.64","GEORGETOWN WWTP","6152695","2006-02-12","2006","02","12","","-2.5","","-12.5","","-7.5","","25.5","","0.0","","0.0","","0.0","T","0.0","T","4","","","","",""
"-79.88","43.64","GEORGETOWN WWTP","6152695","2006-02-13","2006","02","13","","-2.5","","-12.0","","-7.3","","25.3","","0.0","","0.0","","0.0","T","0.0","T","4","","","","",""
"-79.88","43.64","GEORGETOWN WWTP","6152695","2006-02-14","2006","02","14","","5.0","","-5.0","","0.0","","18.0","","0.0","","0.0","","0.0","","0.0","","4","","","","",""
"-79.88","43.64","GEORGETOWN WWTP","6152695","2006-02-15","2006","02","15","","6.0","","-4.0","","1.0","","17.0","","0.0","","0.0","","4.0","","4.0","","3","","","","",""
"-79.88","43.64","GEORGETOWN WWTP","6152695","2006-02-16","2006","02","16","","7.0","E","-3.0","","2.0","E","16.0","E","0.0","E","31.0","","0.0","","31.0","","7","","","","",""
"-79.88","43.64","GEORGETOWN WWTP","6152695","2006-02-17","2006","02","17","","-4.0","E","-5.0","E","-4.5","E","22.5","E","0.0","E","0.0","","0.0","T","0.0","T","","M","","","",""
"-79.88","43.64","GEORGETOWN WWTP","6152695","2006-02-18","2006","02","18","","-9.0","","-14.0","","-11.5","","29.5","","0.0","","0.0","","0.5","","0.5","","3","","","","",""
"-79.88","43.64","GEORGETOWN WWTP","6152695","2006-02-19","2006","02","19","","-7.0","","-14.0","","-10.5","","28.5","","0.0","","0.0","","0.0","","0.0","","3","","","","",""
"-79.88","43.64","GEORGETOWN WWTP","6152695","2006-02-20","2006","02","20","","-3.0","","-12.0","","-7.5","","25.5","","0.0","","0.0","","0.0","","0.0","","3","","","","",""
"-79.88","43.64","GEORGETOWN WWTP","6152695","2006-02-21","2006","02","21","","1.5","","-6.0","","-2.3","","20.3","","0.0","","0.0","","0.0","T","0.0","T","3","","","","",""
"-79.88","43.64","GEORGETOWN WWTP","6152695","2006-02-22","2006","02","22","","6.5","","-11.0","","-2.3","","20.3","","0.0","","0.0","","0.0","","0.0","","3","","","","",""
"-79.88","43.64","GEORGETOWN WWTP","6152695","2006-02-23","2006","02","23","","5.5","","-6.0","","-0.3","","18.3","","0.0","","0.0","T","1.0","","1.0","","3","","","","",""
"-79.88","43.64","GEORGETOWN WWTP","6152695","2006-02-24","2006","02","24","","-0.5","","-9.0","","-4.8","","22.8","","0.0","","0.0","","3.0","","3.0","","4","","","","",""
"-79.88","43.64","GEORGETOWN WWTP","6152695","2006-02-25","2006","02","25","","2.0","","-5.0","","-1.5","","19.5","","0.0","","0.0","","0.0","T","0.0","T","7","","","","",""
"-79.88","43.64","GEORGETOWN WWTP","6152695","2006-02-26","2006","02","26","","-5.0","","-14.0","","-9.5","","27.5","","0.0","","0.0","","0.0","","0.0","","","M","","","",""
"-79.88","43.64","GEORGETOWN WWTP","6152695","2006-02-27","2006","02","27","","-2.5","","-15.5","","-9.0","","27.0","","0.0","","0.0","","0.0","T","0.0","T","5","","","","",""
"-79.88","43.64","GEORGETOWN WWTP","6152695","2006-02-28","2006","02","28","","-3.5","","-17.0","","-10.3","","28.3","","0.0","","0.0","","0.0","T","0.0","T","4","","","","",""
"-79.88","43.64","GEORGETOWN WWTP","6152695","2006-03-01","2006","03","01","","-1.0","","-12.5","","-6.8","","24.8","","0.0","","0.0","","0.0","","0.0","","4","","","","",""
"-79.88","43.64","GEORGETOWN WWTP","6152695","2006-03-02","2006","03","02","","-1.0","","-12.5","","-6.8","","24.8","","0.0","","0.0","","0.0","","0.0","","3","","","","",""
"-79.88","43.64","GEORGETOWN WWTP","6152695","2006-03-03","2006","03","03","","-1.0","","-14.5","","-7.8","","25.8","","0.0","","0.0","","0.0","","0.0","","3","","","","",""
"-79.88","43.64","GEORGETOWN WWTP","6152695","2006-03-04","2006","03","04","","3.0","","-13.0","","-5.0","","23.0","","0.0","","0.0","","0.0","","0.0","","3","","","","",""
"-79.88","43.64","GEORGETOWN WWTP","6152695","2006-03-05","2006","03","05","","4.0","","-7.0","","-1.5","","19.5","","0.0","","0.0","","0.0","","0.0","","2","","","","",""
"-79.88","43.64","GEORGETOWN WWTP","6152695","2006-03-06","2006","03","06","","2.0","","-9.0","","-3.5","","21.5","","0.0","","0.0","","0.0","","0.0","","1","","","","",""
"-79.88","43.64","GEORGETOWN WWTP","6152695","2006-03-07","2006","03","07","","3.0","","-10.5","","-3.8","","21.8","","0.0","","0.0","","0.0","","0.0","","0","","","","",""
"-79.88","43.64","GEORGETOWN WWTP","6152695","2006-03-08","2006","03","08","","2.5","","-8.0","","-2.8","","20.8","","0.0","","18.4","","0.0","","18.4","","0","","","","",""
"-79.88","43.64","GEORGETOWN WWTP","6152695","2006-03-09","2006","03","09","","11.5","","1.0","","6.3","","11.7","","0.0","","7.9","","0.0","","7.9","","0","","","","",""
"-79.88","43.64","GEORGETOWN WWTP","6152695","2006-03-10","2006","03","10","","9.5","","2.5","","6.0","","12.0","","0.0","","0.0","T","0.0","","0.0","T","0","","","","",""
"-79.88","43.64","GEORGETOWN WWTP","6152695","2006-03-11","2006","03","11","","11.0","","-4.0","","3.5","","14.5","","0.0","","0.0","","0.0","","0.0","","0","","","","",""
"-79.88","43.64","GEORGETOWN WWTP","6152695","2006-03-12","2006","03","12","","14.5","","1.0","E","7.8","E","10.2","E","0.0","E","19.6","","0.0","","19.6","","0","","","","",""
"-79.88","43.64","GEORGETOWN WWTP","6152695","2006-03-13","2006","03","13","","14.0","","2.5","","8.3","","9.7","","0.0","","7.0","","0.0","","7.0","","0","","","","",""
"-79.88","43.64","GEORGETOWN WWTP","6152695","2006-03-14","2006","03","14","","1.0","","-1.5","","-0.3","","18.3","","0.0","","0.0","","1.0","","1.0","","0","","","","",""
"-79.88","43.64","GEORGETOWN WWTP","6152695","2006-03-15","2006","03","15","","3.0","","-2.0","","0.5","","17.5","","0.0","","0.0","","0.0","","0.0","","1","","","","",""
"-79.88","43.64","GEORGETOWN WWTP","6152695","2006-03-16","2006","03","16","","5.0","","-4.0","","0.5","","17.5","","0.0","","0.0","","0.0","","0.0","","0","","","","",""
"-79.88","43.64","GEORGETOWN WWTP","6152695","2006-03-17","2006","03","17","","1.5","","-8.0","","-3.3","","21.3","","0.0","","0.0","","0.0","","0.0","","0","","","","",""
"-79.88","43.64","GEORGETOWN WWTP","6152695","2006-03-18","2006","03","18","","0.0","","-7.0","","-3.5","","21.5","","0.0","","0.0","","0.0","T","0.0","T","0","","","","",""
"-79.88","43.64","GEORGETOWN WWTP","6152695","2006-03-19","2006","03","19","","1.0","","-5.5","","-2.3","","20.3","","0.0","","0.0","","0.0","T","0.0","T","0","","","","",""
"-79.88","43.64","GEORGETOWN WWTP","6152695","2006-03-20","2006","03","20","","0.0","","-7.0","","-3.5","","21.5","","0.0","","0.0","","0.0","","0.0","","0","","","","",""
"-79.88","43.64","GEORGETOWN WWTP","6152695","2006-03-21","2006","03","21","","2.5","","-10.5","","-4.0","","22.0","","0.0","","0.0","","0.0","T","0.0","T","0","","","","",""
"-79.88","43.64","GEORGETOWN WWTP","6152695","2006-03-22","2006","03","22","","2.0","","-3.0","","-0.5","","18.5","","0.0","","0.0","","0.0","","0.0","","0","","","","",""
"-79.88","43.64","GEORGETOWN WWTP","6152695","2006-03-23","2006","03","23","","5.0","","-1.0","","2.0","","16.0","","0.0","","0.0","","0.0","","0.0","","0","","","","",""
"-79.88","43.64","GEORGETOWN WWTP","6152695","2006-03-24","2006","03","24","","5.5","","-1.5","","2.0","","16.0","","0.0","","0.0","","0.0","T","0.0","T","0","","","","",""
"-79.88","43.64","GEORGETOWN WWTP","6152695","2006-03-25","2006","03","25","","5.0","","-1.0","","2.0","","16.0","","0.0","","2.0","E","0.0","T","2.0","E","0","","","","",""
"-79.88","43.64","GEORGETOWN WWTP","6152695","2006-03-26","2006","03","26","","8.0","","0.0","","4.0","","14.0","","0.0","","0.0","","0.0","","0.0","","0","","","","",""
"-79.88","43.64","GEORGETOWN WWTP","6152695","2006-03-27","2006","03","27","","12.0","","-4.0","","4.0","","14.0","","0.0","","0.0","","0.0","","0.0","","0","","","","",""
"-79.88","43.64","GEORGETOWN WWTP","6152695","2006-03-28","2006","03","28","","12.0","","-5.5","","3.3","","14.7","","0.0","","0.0","","0.0","","0.0","","0","","","","",""
"-79.88","43.64","GEORGETOWN WWTP","6152695","2006-03-29","2006","03","29","","15.0","","-5.0","","5.0","","13.0","","0.0","","0.0","","0.0","","0.0","","0","","","","",""
"-79.88","43.64","GEORGETOWN WWTP","6152695","2006-03-30","2006","03","30","","17.5","","-3.0","","7.3","","10.7","","0.0","","0.0","","0.0","","0.0","","0","","","","",""
"-79.88","43.64","GEORGETOWN WWTP","6152695","2006-03-31","2006","03","31","","21.0","","-1.5","","9.8","","8.2","","0.0","","3.2","","0.0","","3.2","","0","","","","",""
"-79.88","43.64","GEORGETOWN WWTP","6152695","2006-04-01","2006","04","01","","10.0","","8.0","","9.0","","9.0","","0.0","","0.0","","0.0","","0.0","","0","","","","",""
"-79.88","43.64","GEORGETOWN WWTP","6152695","2006-04-02","2006","04","02","","11.5","","-4.5","","3.5","","14.5","","0.0","","1.8","","0.0","","1.8","","0","","","","",""
"-79.88","43.64","GEORGETOWN WWTP","6152695","2006-04-03","2006","04","03","","16.0","","-2.5","","6.8","","11.2","","0.0","","8.4","","0.0","","8.4","","0","","","","",""
"-79.88","43.64","GEORGETOWN WWTP","6152695","2006-04-04","2006","04","04","","7.0","","0.0","","3.5","","14.5","","0.0","","0.0","","0.0","T","0.0","T","0","","","","",""
"-79.88","43.64","GEORGETOWN WWTP","6152695","2006-04-05","2006","04","05","","5.0","","-3.5","","0.8","","17.2","","0.0","","0.0","","0.0","T","0.0","T","0","","","","",""
"-79.88","43.64","GEORGETOWN WWTP","6152695","2006-04-06","2006","04","06","","14.5","","-0.5","","7.0","","11.0","","0.0","","5.4","","0.0","","5.4","","0","","","","",""
"-79.88","43.64","GEORGETOWN WWTP","6152695","2006-04-07","2006","04","07","","8.0","E","3.0","","5.5","E","12.5","E","0.0","E","8.0","","0.0","","8.0","","0","","","","",""
"-79.88","43.64","GEORGETOWN WWTP","6152695","2006-04-08","2006","04","08","","6.0","","-5.0","","0.5","","17.5","","0.0","","0.0","","0.0","","0.0","","0","","","","",""
"-79.88","43.64","GEORGETOWN WWTP","6152695","2006-04-09","2006","04","09","","11.0","","-5.0","","3.0","","15.0","","0.0","","0.0","","0.0","","0.0","","0","","","","",""
"-79.88","43.64","GEORGETOWN WWTP","6152695","2006-04-10","2006","04","10","","17.0","","-5.0","","6.0","","12.0","","0.0","","0.0","","0.0","","0.0","","0","","","","",""
"-79.88","43.64","GEORGETOWN WWTP","6152695","2006-04-11","2006","04","11","","18.0","","-1.5","","8.3","","9.7","","0.0","","0.0","","0.0","","0.0","","0","","","","",""
"-79.88","43.64","GEORGETOWN WWTP","6152695","2006-04-12","2006","04","12","","18.0","","2.0","","10.0","","8.0","","0.0","","10.4","","0.0","","10.4","","0","","","","",""
"-79.88","43.64","GEORGETOWN WWTP","6152695","2006-04-13","2006","04","13","","22.0","","7.5","","14.8","","3.2","","0.0","","5.0","","0.0","","5.0","","0","","","","",""
"-79.88","43.64","GEORGETOWN WWTP","6152695","2006-04-14","2006","04","14","","12.5","","5.0","","8.8","","9.2","","0.0","","0.0","T","0.0","","0.0","T","0","","","","",""
"-79.88","43.64","GEORGETOWN WWTP","6152695","2006-04-15","2006","04","15","","15.5","","4.5","","10.0","","8.0","","0.0","","0.0","","0.0","","0.0","","0","","","","",""
"-79.88","43.64","GEORGETOWN WWTP","6152695","2006-04-16","2006","04","16","","14.0","E","1.0","","7.5","E","10.5","E","0.0","E","0.0","","0.0","","0.0","","0","","","","",""
"-79.88","43.64","GEORGETOWN WWTP","6152695","2006-04-17","2006","04","17","","15.0","","0.0","E","7.5","E","10.5","E","0.0","E","0.0","","0.0","","0.0","","0","","","","",""
"-79.88","43.64","GEORGETOWN WWTP","6152695","2006-04-18","2006","04","18","","19.5","","-1.0","","9.3","","8.7","","0.0","","0.0","","0.0","","0.0","","0","","","","",""
"-79.88","43.64","GEORGETOWN WWTP","6152695","2006-04-19","2006","04","19","","22.5","","1.0","","11.8","","6.2","","0.0","","0.0","","0.0","","0.0","","0","","","","",""
"-79.88","43.64","GEORGETOWN WWTP","6152695","2006-04-20","2006","04","20","","25.0","","1.0","","13.0","","5.0","","0.0","","0.0","","0.0","","0.0","","0","","","","",""
"-79.88","43.64","GEORGETOWN WWTP","6152695","2006-04-21","2006","04","21","","17.5","","5.0","","11.3","","6.7","","0.0","","7.4","","0.0","","7.4","","0","","","","",""
"-79.88","43.64","GEORGETOWN WWTP","6152695","2006-04-22","2006","04","22","","9.0","","9.0","","9.0","","9.0","","0.0","","6.6","","0.0","","6.6","","0","","","","",""
"-79.88","43.64","GEORGETOWN WWTP","6152695","2006-04-23","2006","04","23","","7.0","","6.0","","6.5","","11.5","","0.0","","21.8","","0.0","","21.8","","0","","","","",""
"-79.88","43.64","GEORGETOWN WWTP","6152695","2006-04-24","2006","04","24","","12.5","","4.5","","8.5","","9.5","","0.0","","0.2","","0.0","","0.2","","0","","","","",""
"-79.88","43.64","GEORGETOWN WWTP","6152695","2006-04-25","2006","04","25","","9.5","","2.5","","6.0","","12.0","","0.0","","0.0","","0.0","","0.0","","0","","","","",""
"-79.88","43.64","GEORGETOWN WWTP","6152695","2006-04-26","2006","04","26","","17.5","","-3.5","","7.0","","11.0","","0.0","","0.0","","0.0","","0.0","","0","","","","",""
"-79.88","43.64","GEORGETOWN WWTP","6152695","2006-04-27","2006","04","27","","13.5","","2.0","","7.8","","10.2","","0.0","","0.0","","0.0","","0.0","","0","","","","",""
"-79.88","43.64","GEORGETOWN WWTP","6152695","2006-04-28","2006","04","28","","13.5","","-3.0","","5.3","","12.7","","0.0","","0.0","","0.0","","0.0","","0","","","","",""
"-79.88","43.64","GEORGETOWN WWTP","6152695","2006-04-29","2006","04","29","","16.0","","-1.0","E","7.5","E","10.5","E","0.0","E","0.0","","0.0","","0.0","","0","","","","",""
"-79.88","43.64","GEORGETOWN WWTP","6152695","2006-04-30","2006","04","30","","20.0","","-0.5","E","9.8","E","8.2","E","0.0","E","0.0","","0.0","","0.0","","0","","","","",""
"-79.88","43.64","GEORGETOWN WWTP","6152695","2006-05-01","2006","05","01","","22.0","","0.5","","11.3","","6.7","","0.0","","0.0","","0.0","","0.0","","0","","","","",""
"-79.88","43.64","GEORGETOWN WWTP","6152695","2006-05-02","2006","05","02","","20.0","","0.0","","10.0","","8.0","","0.0","","0.0","","0.0","","0.0","","0","","","","",""
"-79.88","43.64","GEORGETOWN WWTP","6152695","2006-05-03","2006","05","03","","26.0","","1.5","","13.8","","4.2","","0.0","","0.0","","0.0","","0.0","","0","","","","",""
"-79.88","43.64","GEORGETOWN WWTP","6152695","2006-05-04","2006","05","04","","24.0","","7.0","","15.5","","2.5","","0.0","","0.0","","0.0","","0.0","","0","","","","",""
"-79.88","43.64","GEORGETOWN WWTP","6152695","2006-05-05","2006","05","05","","18.0","","2.5","","10.3","","7.7","","0.0","","0.0","","0.0","","0.0","","0","","","","",""
"-79.88","43.64","GEORGETOWN WWTP","6152695","2006-05-06","2006","05","06","","14.0","","4.0","","9.0","","9.0","","0.0","","0.0","","0.0","","0.0","","0","","","","",""
"-79.88","43.64","GEORGETOWN WWTP","6152695","2006-05-07","2006","05","07","","18.0","","-3.0","","7.5","","10.5","","0.0","","0.0","","0.0","","0.0","","0","","","","",""
"-79.88","43.64","GEORGETOWN WWTP","6152695","2006-05-08","2006","05","08","","23.0","","4.0","","13.5","","4.5","","0.0","","0.0","","0.0","","0.0","","0","","","","",""
"-79.88","43.64","GEORGETOWN WWTP","6152695","2006-05-09","2006","05","09","","23.0","","4.0","E","13.5","E","4.5","E","0.0","E","0.0","","0.0","","0.0","","0","","","","",""
"-79.88","43.64","GEORGETOWN WWTP","6152695","2006-05-10","2006","05","10","","25.0","","4.0","","14.5","","3.5","","0.0","","13.4","","0.0","","13.4","","0","","","","",""
"-79.88","43.64","GEORGETOWN WWTP","6152695","2006-05-11","2006","05","11","","16.5","","9.0","","12.8","","5.2","","0.0","","24.2","","0.0","","24.2","","0","","","","",""
"-79.88","43.64","GEORGETOWN WWTP","6152695","2006-05-12","2006","05","12","","18.0","","9.5","","13.8","","4.2","","0.0","","0.0","","0.0","","0.0","","0","","","","",""
"-79.88","43.64","GEORGETOWN WWTP","6152695","2006-05-13","2006","05","13","","18.0","","5.0","","11.5","","6.5","","0.0","","0.0","","0.0","","0.0","","0","","","","",""
"-79.88","43.64","GEORGETOWN WWTP","6152695","2006-05-14","2006","05","14","","18.0","","9.0","","13.5","","4.5","","0.0","","0.0","","0.0","","0.0","","0","","","","",""
"-79.88","43.64","GEORGETOWN WWTP","6152695","2006-05-15","2006","05","15","","17.5","","11.0","","14.3","","3.7","","0.0","","20.6","","0.0","","20.6","","0","","","","",""
"-79.88","43.64","GEORGETOWN WWTP","6152695","2006-05-16","2006","05","16","","17.0","","10.0","","13.5","","4.5","","0.0","","5.0","","0.0","","5.0","","0","","","","",""
"-79.88","43.64","GEORGETOWN WWTP","6152695","2006-05-17","2006","05","17","","22.0","","6.0","","14.0","","4.0","","0.0","","2.8","","0.0","","2.8","","0","","","","",""
"-79.88","43.64","GEORGETOWN WWTP","6152695","2006-05-18","2006","05","18","","15.0","","8.0","","11.5","","6.5","","0.0","","8.8","","0.0","","8.8","","0","","","","",""
"-79.88","43.64","GEORGETOWN WWTP","6152695","2006-05-19","2006","05","19","","15.0","","1.5","","8.3","","9.7","","0.0","","2.5","","0.0","","2.5","","0","","","","",""
"-79.88","43.64","GEORGETOWN WWTP","6152695","2006-05-20","2006","05","20","","15.0","","6.0","","10.5","","7.5","","0.0","","0.0","T","0.0","","0.0","T","0","","","","",""
"-79.88","43.64","GEORGETOWN WWTP","6152695","2006-05-21","2006","05","21","","10.0","","3.0","","6.5","","11.5","","0.0","","1.8","","0.0","","1.8","","0","","","","",""
"-79.88","43.64","GEORGETOWN WWTP","6152695","2006-05-22","2006","05","22","","10.0","","3.5","","6.8","","11.2","","0.0","","0.0","","0.0","","0.0","","0","","","","",""
"-79.88","43.64","GEORGETOWN WWTP","6152695","2006-05-23","2006","05","23","","19.0","","0.5","","9.8","","8.2","","0.0","","0.0","","0.0","","0.0","","0","","","","",""
"-79.88","43.64","GEORGETOWN WWTP","6152695","2006-05-24","2006","05","24","","24.0","","1.5","","12.8","","5.2","","0.0","","0.0","","0.0","","0.0","","0","","","","",""
"-79.88","43.64","GEORGETOWN WWTP","6152695","2006-05-25","2006","05","25","","22.5","","8.5","","15.5","","2.5","","0.0","","2.0","","0.0","","2.0","","0","","","","",""
"-79.88","43.64","GEORGETOWN WWTP","6152695","2006-05-26","2006","05","26","","20.0","","11.0","","15.5","","2.5","","0.0","","1.0","","0.0","","1.0","","0","","","","",""
"-79.88","43.64","GEORGETOWN WWTP","6152695","2006-05-27","2006","05","27","","25.0","","10.0","","17.5","","0.5","","0.0","","0.0","","0.0","","0.0","","0","","","","",""
"-79.88","43.64","GEORGETOWN WWTP","6152695","2006-05-28","2006","05","28","","30.0","","9.0","","19.5","","0.0","","1.5","","0.0","","0.0","","0.0","","0","","","","",""
"-79.88","43.64","GEORGETOWN WWTP","6152695","2006-05-29","2006","05","29","","34.5","","15.0","","24.8","","0.0","","6.8","","0.0","","0.0","","0.0","","0","","","","",""
"-79.88","43.64","GEORGETOWN WWTP","6152695","2006-05-30","2006","05","30","","33.5","","16.5","","25.0","","0.0","","7.0","","0.0","","0.0","","0.0","","0","","","","",""
"-79.88","43.64","GEORGETOWN WWTP","6152695","2006-05-31","2006","05","31","","30.0","","17.0","","23.5","","0.0","","5.5","","","M","0.0","","","M","0","","","","",""
"-79.88","43.64","GEORGETOWN WWTP","6152695","2006-06-01","2006","06","01","","23.0","","17.5","","20.3","","0.0","","2.3","","0.0","","0.0","","0.0","","0","","","","",""
"-79.88","43.64","GEORGETOWN WWTP","6152695","2006-06-02","2006","06","02","","24.0","","14.0","","19.0","","0.0","","1.0","","1.0","","0.0","","1.0","","0","","","","",""
"-79.88","43.64","GEORGETOWN WWTP","6152695","2006-06-03","2006","06","03","","19.0","","13.0","","16.0","","2.0","","0.0","","10.7","","0.0","","10.7","","0","","","","",""
"-79.88","43.64","GEORGETOWN WWTP","6152695","2006-06-04","2006","06","04","","23.0","","13.0","","18.0","","0.0","","0.0","","0.0","","0.0","","0.0","","0","","","","",""
"-79.88","43.64","GEORGETOWN WWTP","6152695","2006-06-05","2006","06","05","","27.0","","10.0","","18.5","","0.0","","0.5","","0.0","","0.0","","0.0","","0","","","","",""
"-79.88","43.64","GEORGETOWN WWTP","6152695","2006-06-06","2006","06","06","","27.5","","8.0","","17.8","","0.2","","0.0","","0.0","","0.0","","0.0","","0","","","","",""
"-79.88","43.64","GEORGETOWN WWTP","6152695","2006-06-07","2006","06","07","","28.0","","9.0","","18.5","","0.0","","0.5","","0.0","","0.0","","0.0","","0","","","","",""
"-79.88","43.64","GEORGETOWN WWTP","6152695","2006-06-08","2006","06","08","","24.0","","11.0","","17.5","","0.5","","0.0","","0.0","","0.0","","0.0","","0","","","","",""
"-79.88","43.64","GEORGETOWN WWTP","6152695","2006-06-09","2006","06","09","","19.0","E","9.0","E","14.0","E","4.0","E","0.0","E","0.0","","0.0","","0.0","","0","","","","",""
"-79.88","43.64","GEORGETOWN WWTP","6152695","2006-06-10","2006","06","10","","17.0","","5.5","E","11.3","E","6.7","E","0.0","E","0.0","","0.0","","0.0","","0","","","","",""
"-79.88","43.64","GEORGETOWN WWTP","6152695","2006-06-11","2006","06","11","","19.5","","4.0","","11.8","","6.2","","0.0","","0.0","","0.0","","0.0","","0","","","","",""
"-79.88","43.64","GEORGETOWN WWTP","6152695","2006-06-12","2006","06","12","","21.5","","11.0","","16.3","","1.7","","0.0","","0.0","","0.0","","0.0","","0","","","","",""
"-79.88","43.64","GEORGETOWN WWTP","6152695","2006-06-13","2006","06","13","","23.0","","7.0","","15.0","","3.0","","0.0","","0.0","","0.0","","0.0","","0","","","","",""
"-79.88","43.64","GEORGETOWN WWTP","6152695","2006-06-14","2006","06","14","","25.0","","7.5","","16.3","","1.7","","0.0","","0.0","","0.0","","0.0","","0","","","","",""
"-79.88","43.64","GEORGETOWN WWTP","6152695","2006-06-15","2006","06","15","","26.5","","7.0","","16.8","","1.2","","0.0","","0.0","","0.0","","0.0","","0","","","","",""
"-79.88","43.64","GEORGETOWN WWTP","6152695","2006-06-16","2006","06","16","","28.5","","6.0","","17.3","","0.7","","0.0","","0.0","","0.0","","0.0","","0","","","","",""
"-79.88","43.64","GEORGETOWN WWTP","6152695","2006-06-17","2006","06","17","","33.0","","15.0","","24.0","","0.0","","6.0","","0.0","","0.0","","0.0","","0","","","","",""
"-79.88","43.64","GEORGETOWN WWTP","6152695","2006-06-18","2006","06","18","","31.0","","15.0","","23.0","","0.0","","5.0","","2.8","","0.0","","2.8","","0","","","","",""
"-79.88","43.64","GEORGETOWN WWTP","6152695","2006-06-19","2006","06","19","","29.0","","19.0","","24.0","","0.0","","6.0","","0.0","","0.0","","0.0","","0","","","","",""
"-79.88","43.64","GEORGETOWN WWTP","6152695","2006-06-20","2006","06","20","","24.5","","14.0","","19.3","","0.0","","1.3","","0.0","","0.0","","0.0","","0","","","","",""
"-79.88","43.64","GEORGETOWN WWTP","6152695","2006-06-21","2006","06","21","","24.0","","6.5","","15.3","","2.7","","0.0","","0.0","","0.0","","0.0","","0","","","","",""
"-79.88","43.64","GEORGETOWN WWTP","6152695","2006-06-22","2006","06","22","","30.0","E","19.5","","24.8","E","0.0","E","6.8","E","0.0","","0.0","","0.0","","0","","","","",""
"-79.88","43.64","GEORGETOWN WWTP","6152695","2006-06-23","2006","06","23","","25.0","","14.0","E","19.5","E","0.0","E","1.5","E","0.0","","0.0","","0.0","","0","","","","",""
"-79.88","43.64","GEORGETOWN WWTP","6152695","2006-06-24","2006","06","24","","26.5","","10.0","E","18.3","E","0.0","E","0.3","E","0.0","","0.0","","0.0","","0","","","","",""
"-79.88","43.64","GEORGETOWN WWTP","6152695","2006-06-25","2006","06","25","","28.0","","9.5","","18.8","","0.0","","0.8","","0.0","","0.0","","0.0","","0","","","","",""
"-79.88","43.64","GEORGETOWN WWTP","6152695","2006-06-26","2006","06","26","","25.0","E","15.0","","20.0","E","0.0","E","2.0","E","3.0","E","0.0","","3.0","E","0","","","","",""
"-79.88","43.64","GEORGETOWN WWTP","6152695","2006-06-27","2006","06","27","","26.5","","15.0","E","20.8","E","0.0","E","2.8","E","1.0","E","0.0","","1.0","E","0","","","","",""
"-79.88","43.64","GEORGETOWN WWTP","6152695","2006-06-28","2006","06","28","","28.5","","13.5","","21.0","","0.0","","3.0","","","M","0.0","","","M","0","","","","",""
"-79.88","43.64","GEORGETOWN WWTP","6152695","2006-06-29","2006","06","29","","25.0","","13.0","","19.0","","0.0","","1.0","","1.8","","0.0","","1.8","","0","","","","",""
"-79.88","43.64","GEORGETOWN WWTP","6152695","2006-06-30","2006","06","30","","26.5","","12.0","","19.3","","0.0","","1.3","","3.0","","0.0","","3.0","","0","","","","",""
"-79.88","43.64","GEORGETOWN WWTP","6152695","2006-07-01","2006","07","01","","29.0","","13.5","","21.3","","0.0","","3.3","","1.8","","0.0","","1.8","","0","","","","",""
"-79.88","43.64","GEORGETOWN WWTP","6152695","2006-07-02","2006","07","02","","30.0","","20.0","","25.0","","0.0","","7.0","","0.0","","0.0","","0.0","","0","","","","",""
"-79.88","43.64","GEORGETOWN WWTP","6152695","2006-07-03","2006","07","03","","31.5","","15.5","","23.5","","0.0","","5.5","","1.8","","0.0","","1.8","","0","","","","",""
"-79.88","43.64","GEORGETOWN WWTP","6152695","2006-07-04","2006","07","04","","29.0","","17.5","","23.3","","0.0","","5.3","","0.0","","0.0","","0.0","","0","","","","",""
"-79.88","43.64","GEORGETOWN WWTP","6152695","2006-07-05","2006","07","05","","25.0","","11.5","","18.3","","0.0","","0.3","","0.0","","0.0","","0.0","","0","","","","",""
"-79.88","43.64","GEORGETOWN WWTP","6152695","2006-07-06","2006","07","06","","25.0","","8.5","","16.8","","1.2","","0.0","","0.0","","0.0","","0.0","","0","","","","",""
"-79.88","43.64","GEORGETOWN WWTP","6152695","2006-07-07","2006","07","07","","29.0","","7.0","","18.0","","0.0","","0.0","","0.0","","0.0","","0.0","","0","","","","",""
"-79.88","43.64","GEORGETOWN WWTP","6152695","2006-07-08","2006","07","08","","30.0","","11.0","","20.5","","0.0","","2.5","","0.0","","0.0","","0.0","","0","","","","",""
"-79.88","43.64","GEORGETOWN WWTP","6152695","2006-07-09","2006","07","09","","28.0","","13.5","","20.8","","0.0","","2.8","","0.0","T","0.0","","0.0","T","0","","","","",""
"-79.88","43.64","GEORGETOWN WWTP","6152695","2006-07-10","2006","07","10","","25.0","","18.5","","21.8","","0.0","","3.8","","","M","0.0","","","M","0","","","","",""
"-79.88","43.64","GEORGETOWN WWTP","6152695","2006-07-11","2006","07","11","","27.0","E","16.0","","21.5","E","0.0","E","3.5","E","","M","0.0","","","M","0","","","","",""
"-79.88","43.64","GEORGETOWN WWTP","6152695","2006-07-12","2006","07","12","","23.0","E","17.0","E","20.0","E","0.0","E","2.0","E","","M","0.0","","","M","0","","","","",""
"-79.88","43.64","GEORGETOWN WWTP","6152695","2006-07-13","2006","07","13","","31.0","","13.0","","22.0","","0.0","","4.0","","0.0","","0.0","","0.0","","0","","","","",""
"-79.88","43.64","GEORGETOWN WWTP","6152695","2006-07-14","2006","07","14","","31.0","","17.0","E","24.0","E","0.0","E","6.0","E","0.0","","0.0","","0.0","","0","","","","",""
"-79.88","43.64","GEORGETOWN WWTP","6152695","2006-07-15","2006","07","15","","31.0","","20.0","","25.5","","0.0","","7.5","","0.0","","0.0","","0.0","","0","","","","",""
"-79.88","43.64","GEORGETOWN WWTP","6152695","2006-07-16","2006","07","16","","34.0","","17.0","","25.5","","0.0","","7.5","","0.0","","0.0","","0.0","","0","","","","",""
"-79.88","43.64","GEORGETOWN WWTP","6152695","2006-07-17","2006","07","17","","35.0","","21.0","","28.0","","0.0","","10.0","","","M","0.0","","","M","0","","","","",""
"-79.88","43.64","GEORGETOWN WWTP","6152695","2006-07-18","2006","07","18","","30.0","","18.0","","24.0","","0.0","","6.0","","0.0","","0.0","","0.0","","0","","","","",""
"-79.88","43.64","GEORGETOWN WWTP","6152695","2006-07-19","2006","07","19","","28.0","","13.0","","20.5","","0.0","","2.5","","0.0","","0.0","","0.0","","0","","","","",""
"-79.88","43.64","GEORGETOWN WWTP","6152695","2006-07-20","2006","07","20","","29.0","","15.0","","22.0","","0.0","","4.0","","1.2","","0.0","","1.2","","0","","","","",""
"-79.88","43.64","GEORGETOWN WWTP","6152695","2006-07-21","2006","07","21","","25.0","","19.5","","22.3","","0.0","","4.3","","10.3","","0.0","","10.3","","0","","","","",""
"-79.88","43.64","GEORGETOWN WWTP","6152695","2006-07-22","2006","07","22","","21.0","E","18.5","","19.8","E","0.0","E","1.8","E","0.0","","0.0","","0.0","","0","","","","",""
"-79.88","43.64","GEORGETOWN WWTP","6152695","2006-07-23","2006","07","23","","25.0","","10.5","","17.8","","0.2","","0.0","","10.0","","0.0","","10.0","","0","","","","",""
"-79.88","43.64","GEORGETOWN WWTP","6152695","2006-07-24","2006","07","24","","28.0","","10.0","","19.0","","0.0","","1.0","","0.0","","0.0","","0.0","","0","","","","",""
"-79.88","43.64","GEORGETOWN WWTP","6152695","2006-07-25","2006","07","25","","30.0","","20.5","","25.3","","0.0","","7.3","","1.8","","0.0","","1.8","","0","","","","",""
"-79.88","43.64","GEORGETOWN WWTP","6152695","2006-07-26","2006","07","26","","30.0","","19.5","","24.8","","0.0","","6.8","","2.4","","0.0","","2.4","","0","","","","",""
"-79.88","43.64","GEORGETOWN WWTP","6152695","2006-07-27","2006","07","27","","30.5","","19.0","","24.8","","0.0","","6.8","","14.0","","0.0","","14.0","","0","","","","",""
"-79.88","43.64","GEORGETOWN WWTP","6152695","2006-07-28","2006","07","28","","30.0","","20.0","","25.0","","0.0","","7.0","","7.1","","0.0","","7.1","","0","","","","",""
"-79.88","43.64","GEORGETOWN WWTP","6152695","2006-07-29","2006","07","29","","31.5","","18.5","","25.0","","0.0","","7.0","","0.0","","0.0","","0.0","","0","","","","",""
"-79.88","43.64","GEORGETOWN WWTP","6152695","2006-07-30","2006","07","30","","28.5","","16.5","","22.5","","0.0","","4.5","","0.0","","0.0","","0.0","","0","","","","",""
"-79.88","43.64","GEORGETOWN WWTP","6152695","2006-07-31","2006","07","31","","33.5","","17.5","","25.5","","0.0","","7.5","","0.0","","0.0","","0.0","","0","","","","",""
"-79.88","43.64","GEORGETOWN WWTP","6152695","2006-08-01","2006","08","01","","35.0","","25.0","","30.0","","0.0","","12.0","","0.0","","0.0","","0.0","","0","","","","",""
"-79.88","43.64","GEORGETOWN WWTP","6152695","2006-08-02","2006","08","02","","33.5","","24.0","","28.8","","0.0","","10.8","","15.4","","0.0","","15.4","","0","","","","",""
"-79.88","43.64","GEORGETOWN WWTP","6152695","2006-08-03","2006","08","03","","","M","20.5","","","M","","M","","M","","M","0.0","","","M","0","","","","",""
"-79.88","43.64","GEORGETOWN WWTP","6152695","2006-08-04","2006","08","04","","29.0","","","M","","M","","M","","M","0.0","","0.0","","0.0","","0","","","","",""
"-79.88","43.64","GEORGETOWN WWTP","6152695","2006-08-05","2006","08","05","","28.0","","11.5","","19.8","","0.0","","1.8","","0.0","","0.0","","0.0","","0","","","","",""
"-79.88","43.64","GEORGETOWN WWTP","6152695","2006-08-06","2006","08","06","","28.0","","14.5","","21.3","","0.0","","3.3","","0.0","","0.0","","0.0","","0","","","","",""
"-79.88","43.64","GEORGETOWN WWTP","6152695","2006-08-07","2006","08","07","","","M","19.5","","","M","","M","","M","0.0","","0.0","","0.0","","0","","","","",""
"-79.88","43.64","GEORGETOWN WWTP","6152695","2006-08-08","2006","08","08","","","M","","M","","M","","M","","M","0.0","","0.0","","0.0","","0","","","","",""
"-79.88","43.64","GEORGETOWN WWTP","6152695","2006-08-09","2006","08","09","","","M","","M","","M","","M","","M","0.0","","0.0","","0.0","","0","","","","",""
"-79.88","43.64","GEORGETOWN WWTP","6152695","2006-08-10","2006","08","10","","","M","","M","","M","","M","","M","0.0","","0.0","","0.0","","0","","","","",""
"-79.88","43.64","GEORGETOWN WWTP","6152695","2006-08-11","2006","08","11","","","M","","M","","M","","M","","M","0.0","","0.0","","0.0","","0","","","","",""
"-79.88","43.64","GEORGETOWN WWTP","6152695","2006-08-12","2006","08","12","","","M","","M","","M","","M","","M","0.0","","0.0","","0.0","","0","","","","",""
"-79.88","43.64","GEORGETOWN WWTP","6152695","2006-08-13","2006","08","13","","","M","","M","","M","","M","","M","0.0","","0.0","","0.0","","0","","","","",""
"-79.88","43.64","GEORGETOWN WWTP","6152695","2006-08-14","2006","08","14","","","M","","M","","M","","M","","M","","M","0.0","","","M","0","","","","",""
"-79.88","43.64","GEORGETOWN WWTP","6152695","2006-08-15","2006","08","15","","","M","","M","","M","","M","","M","0.0","","0.0","","0.0","","0","","","","",""
"-79.88","43.64","GEORGETOWN WWTP","6152695","2006-08-16","2006","08","16","","","M","","M","","M","","M","","M","0.0","","0.0","","0.0","","0","","","","",""
"-79.88","43.64","GEORGETOWN WWTP","6152695","2006-08-17","2006","08","17","","29.0","","","M","","M","","M","","M","0.0","","0.0","","0.0","","0","","","","",""
"-79.88","43.64","GEORGETOWN WWTP","6152695","2006-08-18","2006","08","18","","30.0","","18.0","","24.0","","0.0","","6.0","","0.0","","0.0","","0.0","","0","","","","",""
"-79.88","43.64","GEORGETOWN WWTP","6152695","2006-08-19","2006","08","19","","25.0","","17.0","","21.0","","0.0","","3.0","","","M","0.0","","","M","0","","","","",""
"-79.88","43.64","GEORGETOWN WWTP","6152695","2006-08-20","2006","08","20","","20.5","","16.5","","18.5","","0.0","","0.5","","0.0","","0.0","","0.0","","0","","","","",""
"-79.88","43.64","GEORGETOWN WWTP","6152695","2006-08-21","2006","08","21","","27.0","","8.0","","17.5","","0.5","","0.0","","0.0","","0.0","","0.0","","0","","","","",""
"-79.88","43.64","GEORGETOWN WWTP","6152695","2006-08-22","2006","08","22","","","M","11.5","","","M","","M","","M","0.0","","0.0","","0.0","","0","","","","",""
"-79.88","43.64","GEORGETOWN WWTP","6152695","2006-08-23","2006","08","23","","","M","","M","","M","","M","","M","","M","0.0","","","M","0","","","","",""
"-79.88","43.64","GEORGETOWN WWTP","6152695","2006-08-24","2006","08","24","","","M","","M","","M","","M","","M","0.0","","0.0","","0.0","","0","","","","",""
"-79.88","43.64","GEORGETOWN WWTP","6152695","2006-08-25","2006","08","25","","","M","","M","","M","","M","","M","","M","0.0","","","M","0","","","","",""
"-79.88","43.64","GEORGETOWN WWTP","6152695","2006-08-26","2006","08","26","","","M","","M","","M","","M","","M","","M","0.0","","","M","0","","","","",""
"-79.88","43.64","GEORGETOWN WWTP","6152695","2006-08-27","2006","08","27","","","M","","M","","M","","M","","M","","M","0.0","","","M","0","","","","",""
"-79.88","43.64","GEORGETOWN WWTP","6152695","2006-08-28","2006","08","28","","","M","","M","","M","","M","","M","","M","0.0","","","M","0","","","","",""
"-79.88","43.64","GEORGETOWN WWTP","6152695","2006-08-29","2006","08","29","","","M","","M","","M","","M","","M","0.0","","0.0","","0.0","","0","","","","",""
"-79.88","43.64","GEORGETOWN WWTP","6152695","2006-08-30","2006","08","30","","","M","","M","","M","","M","","M","0.0","","0.0","","0.0","","0","","","","",""
"-79.88","43.64","GEORGETOWN WWTP","6152695","2006-08-31","2006","08","31","","","M","","M","","M","","M","","M","0.0","","0.0","","0.0","","0","","","","",""
"-79.88","43.64","GEORGETOWN WWTP","6152695","2006-09-01","2006","09","01","","23.0","","7.0","","15.0","","3.0","","0.0","","0.0","","0.0","","0.0","","0","","","","",""
"-79.88","43.64","GEORGETOWN WWTP","6152695","2006-09-02","2006","09","02","","18.0","","12.0","","15.0","","3.0","","0.0","","17.0","","0.0","","17.0","","0","","","","",""
"-79.88","43.64","GEORGETOWN WWTP","6152695","2006-09-03","2006","09","03","","18.0","","7.0","","12.5","","5.5","","0.0","","1.0","","0.0","","1.0","","0","","","","",""
"-79.88","43.64","GEORGETOWN WWTP","6152695","2006-09-04","2006","09","04","","20.0","","10.0","","15.0","","3.0","","0.0","","0.0","","0.0","","0.0","","0","","","","",""
"-79.88","43.64","GEORGETOWN WWTP","6152695","2006-09-05","2006","09","05","","21.0","","12.0","E","16.5","E","1.5","E","0.0","E","0.0","","0.0","","0.0","","0","","","","",""
"-79.88","43.64","GEORGETOWN WWTP","6152695","2006-09-06","2006","09","06","","24.0","","12.0","","18.0","","0.0","","0.0","","10.0","","0.0","","10.0","","0","","","","",""
"-79.88","43.64","GEORGETOWN WWTP","6152695","2006-09-07","2006","09","07","","25.0","","10.5","","17.8","","0.2","","0.0","","0.0","","0.0","","0.0","","0","","","","",""
"-79.88","43.64","GEORGETOWN WWTP","6152695","2006-09-08","2006","09","08","","27.5","","10.0","","18.8","","0.0","","0.8","","6.8","","0.0","","6.8","","0","","","","",""
"-79.88","43.64","GEORGETOWN WWTP","6152695","2006-09-09","2006","09","09","","17.0","","14.0","","15.5","","2.5","","0.0","","1.0","","0.0","","1.0","","0","","","","",""
"-79.88","43.64","GEORGETOWN WWTP","6152695","2006-09-10","2006","09","10","","17.5","","4.5","","11.0","","7.0","","0.0","","0.0","","0.0","","0.0","","0","","","","",""
"-79.88","43.64","GEORGETOWN WWTP","6152695","2006-09-11","2006","09","11","","18.0","","5.5","","11.8","","6.2","","0.0","","0.0","","0.0","","0.0","","0","","","","",""
"-79.88","43.64","GEORGETOWN WWTP","6152695","2006-09-12","2006","09","12","","17.0","","13.5","","15.3","","2.7","","0.0","","18.8","","0.0","","18.8","","0","","","","",""
"-79.88","43.64","GEORGETOWN WWTP","6152695","2006-09-13","2006","09","13","","22.0","","15.0","","18.5","","0.0","","0.5","","5.4","","0.0","","5.4","","0","","","","",""
"-79.88","43.64","GEORGETOWN WWTP","6152695","2006-09-14","2006","09","14","","18.0","E","15.0","","16.5","E","1.5","E","0.0","E","0.0","","0.0","","0.0","","0","","","","",""
"-79.88","43.64","GEORGETOWN WWTP","6152695","2006-09-15","2006","09","15","","21.0","","15.0","E","18.0","E","0.0","E","0.0","E","0.0","","0.0","","0.0","","0","","","","",""
"-79.88","43.64","GEORGETOWN WWTP","6152695","2006-09-16","2006","09","16","","20.0","","11.5","","15.8","","2.2","","0.0","","0.0","","0.0","","0.0","","0","","","","",""
"-79.88","43.64","GEORGETOWN WWTP","6152695","2006-09-17","2006","09","17","","25.0","","8.5","","16.8","","1.2","","0.0","","0.0","","0.0","","0.0","","0","","","","",""
"-79.88","43.64","GEORGETOWN WWTP","6152695","2006-09-18","2006","09","18","","26.0","","10.5","","18.3","","0.0","","0.3","","14.2","","0.0","","14.2","","0","","","","",""
"-79.88","43.64","GEORGETOWN WWTP","6152695","2006-09-19","2006","09","19","","19.0","","11.5","","15.3","","2.7","","0.0","","0.0","","0.0","","0.0","","0","","","","",""
"-79.88","43.64","GEORGETOWN WWTP","6152695","2006-09-20","2006","09","20","","17.0","","9.0","","13.0","","5.0","","0.0","","0.0","T","0.0","","0.0","T","0","","","","",""
"-79.88","43.64","GEORGETOWN WWTP","6152695","2006-09-21","2006","09","21","","17.5","","3.0","","10.3","","7.7","","0.0","","0.0","","0.0","","0.0","","0","","","","",""
"-79.88","43.64","GEORGETOWN WWTP","6152695","2006-09-22","2006","09","22","","18.0","","2.0","","10.0","","8.0","","0.0","","10.4","","0.0","","10.4","","0","","","","",""
"-79.88","43.64","GEORGETOWN WWTP","6152695","2006-09-23","2006","09","23","","23.5","","13.5","","18.5","","0.0","","0.5","","5.0","E","0.0","","5.0","E","0","","","","",""
"-79.88","43.64","GEORGETOWN WWTP","6152695","2006-09-24","2006","09","24","","19.5","","15.0","","17.3","","0.7","","0.0","","2.0","","0.0","","2.0","","0","","","","",""
"-79.88","43.64","GEORGETOWN WWTP","6152695","2006-09-25","2006","09","25","","17.5","","5.0","","11.3","","6.7","","0.0","","3.8","","0.0","","3.8","","0","","","","",""
"-79.88","43.64","GEORGETOWN WWTP","6152695","2006-09-26","2006","09","26","","19.0","","5.0","","12.0","","6.0","","0.0","","0.0","","0.0","","0.0","","0","","","","",""
"-79.88","43.64","GEORGETOWN WWTP","6152695","2006-09-27","2006","09","27","","24.0","","4.0","","14.0","","4.0","","0.0","","10.6","","0.0","","10.6","","0","","","","",""
"-79.88","43.64","GEORGETOWN WWTP","6152695","2006-09-28","2006","09","28","","12.5","","10.5","","11.5","","6.5","","0.0","","0.0","","0.0","","0.0","","0","","","","",""
"-79.88","43.64","GEORGETOWN WWTP","6152695","2006-09-29","2006","09","29","","13.0","","1.5","","7.3","","10.7","","0.0","","0.0","","0.0","","0.0","","0","","","","",""
"-79.88","43.64","GEORGETOWN WWTP","6152695","2006-09-30","2006","09","30","","15.0","","1.5","","8.3","","9.7","","0.0","","8.5","","0.0","","8.5","","0","","","","",""
"-79.88","43.64","GEORGETOWN WWTP","6152695","2006-10-01","2006","10","01","","17.5","","7.5","","12.5","","5.5","","0.0","","0.6","","0.0","","0.6","","0","","","","",""
"-79.88","43.64","GEORGETOWN WWTP","6152695","2006-10-02","2006","10","02","","22.0","","2.0","","12.0","","6.0","","0.0","","4.2","","0.0","","4.2","","0","","","","",""
"-79.88","43.64","GEORGETOWN WWTP","6152695","2006-10-03","2006","10","03","","25.0","","10.5","","17.8","","0.2","","0.0","","15.0","","0.0","","15.0","","0","","","","",""
"-79.88","43.64","GEORGETOWN WWTP","6152695","2006-10-04","2006","10","04","","18.5","","9.0","","13.8","","4.2","","0.0","","5.7","","0.0","","5.7","","0","","","","",""
"-79.88","43.64","GEORGETOWN WWTP","6152695","2006-10-05","2006","10","05","","13.0","","1.0","","7.0","","11.0","","0.0","","0.0","","0.0","","0.0","","0","","","","",""
"-79.88","43.64","GEORGETOWN WWTP","6152695","2006-10-06","2006","10","06","","15.0","","1.0","","8.0","","10.0","","0.0","","0.0","","0.0","","0.0","","0","","","","",""
"-79.88","43.64","GEORGETOWN WWTP","6152695","2006-10-07","2006","10","07","","17.5","","-1.0","","8.3","","9.7","","0.0","","0.0","","0.0","","0.0","","0","","","","",""
"-79.88","43.64","GEORGETOWN WWTP","6152695","2006-10-08","2006","10","08","","23.0","","-1.0","","11.0","","7.0","","0.0","","0.0","","0.0","","0.0","","0","","","","",""
"-79.88","43.64","GEORGETOWN WWTP","6152695","2006-10-09","2006","10","09","","22.0","","2.0","","12.0","","6.0","","0.0","","0.0","","0.0","","0.0","","0","","","","",""
"-79.88","43.64","GEORGETOWN WWTP","6152695","2006-10-10","2006","10","10","","16.0","","8.5","","12.3","","5.7","","0.0","","12.2","","0.0","","12.2","","0","","","","",""
"-79.88","43.64","GEORGETOWN WWTP","6152695","2006-10-11","2006","10","11","","18.0","","9.0","","13.5","","4.5","","0.0","","10.5","","0.0","","10.5","","0","","","","",""
"-79.88","43.64","GEORGETOWN WWTP","6152695","2006-10-12","2006","10","12","","9.0","","2.0","","5.5","","12.5","","0.0","","0.0","","0.0","T","0.0","T","0","","","","",""
"-79.88","43.64","GEORGETOWN WWTP","6152695","2006-10-13","2006","10","13","","7.0","","-2.0","","2.5","","15.5","","0.0","","0.0","","0.0","T","0.0","T","","M","","","",""
"-79.88","43.64","GEORGETOWN WWTP","6152695","2006-10-14","2006","10","14","","9.0","","-1.0","E","4.0","E","14.0","E","0.0","E","0.0","","0.0","","0.0","","0","","","","",""
"-79.88","43.64","GEORGETOWN WWTP","6152695","2006-10-15","2006","10","15","","12.0","","-2.0","","5.0","","13.0","","0.0","","0.0","","0.0","","0.0","","0","","","","",""
"-79.88","43.64","GEORGETOWN WWTP","6152695","2006-10-16","2006","10","16","","16.0","","-3.5","","6.3","","11.7","","0.0","","7.2","","0.0","","7.2","","0","","","","",""
"-79.88","43.64","GEORGETOWN WWTP","6152695","2006-10-17","2006","10","17","","14.0","","8.5","","11.3","","6.7","","0.0","","30.4","","0.0","","30.4","","0","","","","",""
"-79.88","43.64","GEORGETOWN WWTP","6152695","2006-10-18","2006","10","18","","16.5","","10.5","","13.5","","4.5","","0.0","","4.4","","0.0","","4.4","","0","","","","",""
"-79.88","43.64","GEORGETOWN WWTP","6152695","2006-10-19","2006","10","19","","14.5","","7.0","","10.8","","7.2","","0.0","","0.0","","0.0","","0.0","","0","","","","",""
"-79.88","43.64","GEORGETOWN WWTP","6152695","2006-10-20","2006","10","20","","9.5","","1.5","","5.5","","12.5","","0.0","","0.0","","0.0","","0.0","","0","","","","",""
"-79.88","43.64","GEORGETOWN WWTP","6152695","2006-10-21","2006","10","21","","11.5","","0.0","","5.8","","12.2","","0.0","","7.0","","0.0","","7.0","","0","","","","",""
"-79.88","43.64","GEORGETOWN WWTP","6152695","2006-10-22","2006","10","22","","11.0","","5.0","","8.0","","10.0","","0.0","","4.2","","0.0","","4.2","","0","","","","",""
"-79.88","43.64","GEORGETOWN WWTP","6152695","2006-10-23","2006","10","23","","9.5","","2.0","","5.8","","12.2","","0.0","","0.0","","0.0","","0.0","","0","","","","",""
"-79.88","43.64","GEORGETOWN WWTP","6152695","2006-10-24","2006","10","24","","8.5","","0.5","","4.5","","13.5","","0.0","","0.0","","0.0","","0.0","","0","","","","",""
"-79.88","43.64","GEORGETOWN WWTP","6152695","2006-10-25","2006","10","25","","9.5","","2.0","","5.8","","12.2","","0.0","","0.0","","0.0","","0.0","","0","","","","",""
"-79.88","43.64","GEORGETOWN WWTP","6152695","2006-10-26","2006","10","26","","9.0","","-3.5","","2.8","","15.2","","0.0","","0.0","","0.0","","0.0","","0","","","","",""
"-79.88","43.64","GEORGETOWN WWTP","6152695","2006-10-27","2006","10","27","","6.0","","-1.5","","2.3","","15.7","","0.0","","20.0","","0.0","T","20.0","","0","","","","",""
"-79.88","43.64","GEORGETOWN WWTP","6152695","2006-10-28","2006","10","28","","7.0","","4.5","","5.8","","12.2","","0.0","","4.4","","0.0","T","4.4","","0","","","","",""
"-79.88","43.64","GEORGETOWN WWTP","6152695","2006-10-29","2006","10","29","","7.5","","1.0","","4.3","","13.7","","0.0","","0.0","","0.0","","0.0","","0","","","","",""
"-79.88","43.64","GEORGETOWN WWTP","6152695","2006-10-30","2006","10","30","","16.0","","-2.5","","6.8","","11.2","","0.0","","0.6","","0.0","","0.6","","0","","","","",""
"-79.88","43.64","GEORGETOWN WWTP","6152695","2006-10-31","2006","10","31","","16.5","","1.0","E","8.8","E","9.2","E","0.0","E","0.0","","0.0","","0.0","","0","","","","",""
"-79.88","43.64","GEORGETOWN WWTP","6152695","2006-11-01","2006","11","01","","9.0","E","-3.0","","3.0","E","15.0","E","0.0","E","0.0","","0.0","","0.0","","0","","","","",""
"-79.88","43.64","GEORGETOWN WWTP","6152695","2006-11-02","2006","11","02","","6.0","E","-6.0","","0.0","E","18.0","E","0.0","E","0.0","","0.0","","0.0","","0","","","","",""
"-79.88","43.64","GEORGETOWN WWTP","6152695","2006-11-03","2006","11","03","","6.0","","-2.0","","2.0","","16.0","","0.0","","0.0","","0.0","","0.0","","0","","","","",""
"-79.88","43.64","GEORGETOWN WWTP","6152695","2006-11-04","2006","11","04","","5.0","","-6.0","","-0.5","","18.5","","0.0","","0.0","","0.0","","0.0","","0","","","","",""
"-79.88","43.64","GEORGETOWN WWTP","6152695","2006-11-05","2006","11","05","","12.0","","-1.0","","5.5","","12.5","","0.0","","0.0","","0.0","","0.0","","0","","","","",""
"-79.88","43.64","GEORGETOWN WWTP","6152695","2006-11-06","2006","11","06","","16.0","","-3.5","","6.3","","11.7","","0.0","","0.0","","0.0","","0.0","","0","","","","",""
"-79.88","43.64","GEORGETOWN WWTP","6152695","2006-11-07","2006","11","07","","15.0","","2.0","","8.5","","9.5","","0.0","","12.6","","0.0","","12.6","","0","","","","",""
"-79.88","43.64","GEORGETOWN WWTP","6152695","2006-11-08","2006","11","08","","11.5","","6.0","","8.8","","9.2","","0.0","","0.0","","0.0","","0.0","","0","","","","",""
"-79.88","43.64","GEORGETOWN WWTP","6152695","2006-11-09","2006","11","09","","16.5","","8.5","","12.5","","5.5","","0.0","","0.0","","0.0","","0.0","","0","","","","",""
"-79.88","43.64","GEORGETOWN WWTP","6152695","2006-11-10","2006","11","10","","9.0","","4.0","","6.5","","11.5","","0.0","","5.3","","0.0","","5.3","","0","","","","",""
"-79.88","43.64","GEORGETOWN WWTP","6152695","2006-11-11","2006","11","11","","5.0","","0.0","","2.5","","15.5","","0.0","","3.8","","0.0","","3.8","","0","","","","",""
"-79.88","43.64","GEORGETOWN WWTP","6152695","2006-11-12","2006","11","12","","3.5","","-1.0","","1.3","","16.7","","0.0","","0.0","","0.0","","0.0","","0","","","","",""
"-79.88","43.64","GEORGETOWN WWTP","6152695","2006-11-13","2006","11","13","","5.0","","0.5","","2.8","","15.2","","0.0","","0.0","","0.0","","0.0","","0","","","","",""
"-79.88","43.64","GEORGETOWN WWTP","6152695","2006-11-14","2006","11","14","","7.0","","3.0","","5.0","","13.0","","0.0","","0.0","","0.0","","0.0","","0","","","","",""
"-79.88","43.64","GEORGETOWN WWTP","6152695","2006-11-15","2006","11","15","","11.0","","4.0","E","7.5","E","10.5","E","0.0","E","26.2","","0.0","","26.2","","0","","","","",""
"-79.88","43.64","GEORGETOWN WWTP","6152695","2006-11-16","2006","11","16","","12.0","","5.0","","8.5","","9.5","","0.0","","9.0","","0.0","","9.0","","0","","","","",""
"-79.88","43.64","GEORGETOWN WWTP","6152695","2006-11-17","2006","11","17","","7.5","E","3.5","","5.5","E","12.5","E","0.0","E","1.0","","0.0","","1.0","","0","","","","",""
"-79.88","43.64","GEORGETOWN WWTP","6152695","2006-11-18","2006","11","18","","6.0","","0.0","","3.0","","15.0","","0.0","","0.0","","0.0","","0.0","","0","","","","",""
"-79.88","43.64","GEORGETOWN WWTP","6152695","2006-11-19","2006","11","19","","2.0","","0.5","","1.3","","16.7","","0.0","","0.0","","0.0","T","0.0","T","0","","","","",""
"-79.88","43.64","GEORGETOWN WWTP","6152695","2006-11-20","2006","11","20","","3.0","","-1.0","","1.0","","17.0","","0.0","","0.0","","0.0","T","0.0","T","0","","","","",""
"-79.88","43.64","GEORGETOWN WWTP","6152695","2006-11-21","2006","11","21","","7.0","","-6.0","","0.5","","17.5","","0.0","","0.0","","0.0","","0.0","","0","","","","",""
"-79.88","43.64","GEORGETOWN WWTP","6152695","2006-11-22","2006","11","22","","8.0","","-6.5","","0.8","","17.2","","0.0","","0.0","","0.0","","0.0","","0","","","","",""
"-79.88","43.64","GEORGETOWN WWTP","6152695","2006-11-23","2006","11","23","","9.0","","-4.5","","2.3","","15.7","","0.0","","0.0","","0.0","","0.0","","0","","","","",""
"-79.88","43.64","GEORGETOWN WWTP","6152695","2006-11-24","2006","11","24","","10.0","","-5.0","","2.5","","15.5","","0.0","","0.0","","0.0","","0.0","","0","","","","",""
"-79.88","43.64","GEORGETOWN WWTP","6152695","2006-11-25","2006","11","25","","11.5","E","-3.5","","4.0","E","14.0","E","0.0","E","0.0","","0.0","","0.0","","0","","","","",""
"-79.88","43.64","GEORGETOWN WWTP","6152695","2006-11-26","2006","11","26","","14.5","","-1.5","","6.5","","11.5","","0.0","","0.0","","0.0","","0.0","","0","","","","",""
"-79.88","43.64","GEORGETOWN WWTP","6152695","2006-11-27","2006","11","27","","16.0","","3.0","","9.5","","8.5","","0.0","","0.0","","0.0","","0.0","","0","","","","",""
"-79.88","43.64","GEORGETOWN WWTP","6152695","2006-11-28","2006","11","28","","11.0","","6.5","","8.8","","9.2","","0.0","","0.0","","0.0","","0.0","","0","","","","",""
"-79.88","43.64","GEORGETOWN WWTP","6152695","2006-11-29","2006","11","29","","16.0","","5.0","","10.5","","7.5","","0.0","","3.6","","0.0","","3.6","","0","","","","",""
"-79.88","43.64","GEORGETOWN WWTP","6152695","2006-11-30","2006","11","30","","15.0","","5.5","","10.3","","7.7","","0.0","","33.2","","0.0","","33.2","","0","","","","",""
"-79.88","43.64","GEORGETOWN WWTP","6152695","2006-12-01","2006","12","01","","5.0","","-1.0","","2.0","","16.0","","0.0","","20.4","","0.0","T","20.4","","0","","","","",""
"-79.88","43.64","GEORGETOWN WWTP","6152695","2006-12-02","2006","12","02","","4.0","","-1.0","","1.5","","16.5","","0.0","","0.0","","0.0","T","0.0","T","0","","","","",""
"-79.88","43.64","GEORGETOWN WWTP","6152695","2006-12-03","2006","12","03","","-0.5","","-5.0","","-2.8","","20.8","","0.0","","0.0","","0.0","T","0.0","T","0","","","","",""
"-79.88","43.64","GEORGETOWN WWTP","6152695","2006-12-04","2006","12","04","","-0.5","","-5.5","","-3.0","","21.0","","0.0","","0.0","","0.0","T","0.0","T","0","T","","","",""
"-79.88","43.64","GEORGETOWN WWTP","6152695","2006-12-05","2006","12","05","","1.0","","-8.0","","-3.5","","21.5","","0.0","","0.0","","0.0","","0.0","","0","T","","","",""
"-79.88","43.64","GEORGETOWN WWTP","6152695","2006-12-06","2006","12","06","","2.5","","-7.0","","-2.3","","20.3","","0.0","","4.0","","0.0","T","4.0","","0","","","","",""
"-79.88","43.64","GEORGETOWN WWTP","6152695","2006-12-07","2006","12","07","","2.5","","-9.0","","-3.3","","21.3","","0.0","","0.0","","0.0","T","0.0","T","0","","","","",""
"-79.88","43.64","GEORGETOWN WWTP","6152695","2006-12-08","2006","12","08","","-1.0","","-14.0","","-7.5","","25.5","","0.0","","0.0","","0.0","","0.0","","0","T","","","",""
"-79.88","43.64","GEORGETOWN WWTP","6152695","2006-12-09","2006","12","09","","3.5","","-5.0","","-0.8","","18.8","","0.0","","0.0","","0.0","","0.0","","0","","","","",""
"-79.88","43.64","GEORGETOWN WWTP","6152695","2006-12-10","2006","12","10","","8.5","","-5.0","","1.8","","16.2","","0.0","","1.4","","0.0","","1.4","","0","","","","",""
"-79.88","43.64","GEORGETOWN WWTP","6152695","2006-12-11","2006","12","11","","5.0","","-0.5","","2.3","","15.7","","0.0","","1.2","","0.0","","1.2","","0","","","","",""
"-79.88","43.64","GEORGETOWN WWTP","6152695","2006-12-12","2006","12","12","","7.5","","2.0","","4.8","","13.2","","0.0","","0.0","T","0.0","","0.0","T","0","","","","",""
"-79.88","43.64","GEORGETOWN WWTP","6152695","2006-12-13","2006","12","13","","9.0","","5.0","E","7.0","E","11.0","E","0.0","E","2.8","","0.0","","2.8","","0","","","","",""
"-79.88","43.64","GEORGETOWN WWTP","6152695","2006-12-14","2006","12","14","","11.5","","-1.5","","5.0","","13.0","","0.0","","0.0","T","0.0","","0.0","T","0","","","","",""
"-79.88","43.64","GEORGETOWN WWTP","6152695","2006-12-15","2006","12","15","","8.5","","5.5","","7.0","","11.0","","0.0","","0.0","","0.0","","0.0","","0","","","","",""
"-79.88","43.64","GEORGETOWN WWTP","6152695","2006-12-16","2006","12","16","","10.0","","1.5","","5.8","","12.2","","0.0","","0.0","","0.0","","0.0","","0","","","","",""
"-79.88","43.64","GEORGETOWN WWTP","6152695","2006-12-17","2006","12","17","","13.0","","-2.5","","5.3","","12.7","","0.0","","0.0","","0.0","","0.0","","0","","","","",""
"-79.88","43.64","GEORGETOWN WWTP","6152695","2006-12-18","2006","12","18","","5.5","","-1.0","","2.3","","15.7","","0.0","","0.0","","0.0","","0.0","","0","","","","",""
"-79.88","43.64","GEORGETOWN WWTP","6152695","2006-12-19","2006","12","19","","5.0","","0.0","","2.5","","15.5","","0.0","","0.0","","0.0","","0.0","","0","","","","",""
"-79.88","43.64","GEORGETOWN WWTP","6152695","2006-12-20","2006","12","20","","8.5","","-5.5","","1.5","","16.5","","0.0","","0.0","","0.0","","0.0","","0","","","","",""
"-79.88","43.64","GEORGETOWN WWTP","6152695","2006-12-21","2006","12","21","","8.0","","1.0","","4.5","","13.5","","0.0","","0.0","","0.0","","0.0","","0","","","","",""
"-79.88","43.64","GEORGETOWN WWTP","6152695","2006-12-22","2006","12","22","","8.0","","3.5","","5.8","","12.2","","0.0","","21.2","","0.0","","21.2","","0","","","","",""
"-79.88","43.64","GEORGETOWN WWTP","6152695","2006-12-23","2006","12","23","","6.0","","2.0","","4.0","","14.0","","0.0","","0.0","T","0.0","","0.0","T","0","","","","",""
"-79.88","43.64","GEORGETOWN WWTP","6152695","2006-12-24","2006","12","24","","6.5","","2.0","","4.3","","13.7","","0.0","","0.0","","0.0","","0.0","","0","","","","",""
"-79.88","43.64","GEORGETOWN WWTP","6152695","2006-12-25","2006","12","25","","4.0","","-2.0","","1.0","","17.0","","0.0","","0.0","T","0.0","","0.0","T","0","","","","",""
"-79.88","43.64","GEORGETOWN WWTP","6152695","2006-12-26","2006","12","26","","4.5","","0.5","","2.5","","15.5","","0.0","","0.0","","0.0","","0.0","","0","","","","",""
"-79.88","43.64","GEORGETOWN WWTP","6152695","2006-12-27","2006","12","27","","1.5","","-2.0","","-0.3","","18.3","","0.0","","0.0","","0.0","T","0.0","T","0","","","","",""
"-79.88","43.64","GEORGETOWN WWTP","6152695","2006-12-28","2006","12","28","","4.0","","-4.5","","-0.3","","18.3","","0.0","","0.0","","0.0","T","0.0","T","0","","","","",""
"-79.88","43.64","GEORGETOWN WWTP","6152695","2006-12-29","2006","12","29","","-1.0","","-4.0","","-2.5","","20.5","","0.0","","0.0","","0.0","","0.0","","0","","","","",""
"-79.88","43.64","GEORGETOWN WWTP","6152695","2006-12-30","2006","12","30","","4.0","","-3.0","","0.5","","17.5","","0.0","","0.0","","0.0","","0.0","","0","","","","",""
"-79.88","43.64","GEORGETOWN WWTP","6152695","2006-12-31","2006","12","31","","8.0","","-6.0","","1.0","","17.0","","0.0","","14.0","","0.0","","14.0","","0","","","","",""
